{"cameraMode":{"drawMode":0,"name":"Shaded","section":"Shading Mode"},"sceneLighting":false,"audioPlay":false,"sceneViewState":{"m_AlwaysRefresh":false,"showFog":true,"showSkybox":false,"showFlares":true,"showImageEffects":true,"showParticleSystems":true,"showVisualEffectGraphs":true,"m_FxEnabled":true},"in2DMode":false,"pivot":{"x":-1.9228858947753907,"y":0.9584196209907532,"z":-7.572665214538574},"rotation":{"x":-0.026914093643426896,"y":-0.8671829700469971,"z":0.047141656279563907,"w":-0.4950304925441742},"size":1.3324311971664429,"orthographic":false}