{"cameraMode":{"drawMode":0,"name":"Shaded","section":"Shading Mode"},"sceneLighting":false,"audioPlay":false,"sceneViewState":{"m_AlwaysRefresh":false,"showFog":true,"showSkybox":false,"showFlares":true,"showImageEffects":true,"showParticleSystems":true,"showVisualEffectGraphs":true,"m_FxEnabled":true},"in2DMode":false,"pivot":{"x":-0.3167850971221924,"y":1.1335906982421876,"z":1.616292953491211},"rotation":{"x":0.010494878515601159,"y":0.9678477048873901,"z":-0.2479672133922577,"w":0.04096538573503494},"size":0.21650634706020356,"orthographic":false}