{"cameraMode":{"drawMode":0,"name":"Shaded","section":"Shading Mode"},"sceneLighting":false,"audioPlay":false,"sceneViewState":{"m_AlwaysRefresh":false,"showFog":true,"showSkybox":false,"showFlares":true,"showImageEffects":true,"showParticleSystems":true,"showVisualEffectGraphs":true,"m_FxEnabled":true},"in2DMode":false,"pivot":{"x":0.006067872047424316,"y":-0.5623293519020081,"z":0.5579488277435303},"rotation":{"x":-0.08835674822330475,"y":-0.8919335603713989,"z":0.19880683720111848,"w":-0.39639848470687868},"size":0.9407928586006165,"orthographic":false}