{"cameraMode":{"drawMode":0,"name":"Shaded","section":"Shading Mode"},"sceneLighting":true,"audioPlay":false,"sceneViewState":{"m_AlwaysRefresh":false,"showFog":true,"showSkybox":true,"showFlares":true,"showImageEffects":true,"showParticleSystems":true,"showVisualEffectGraphs":true,"m_FxEnabled":true},"in2DMode":false,"pivot":{"x":1105.151611328125,"y":386.29937744140627,"z":-396.3652038574219},"rotation":{"x":-0.001900599803775549,"y":-0.989540696144104,"z":0.14380045235157014,"w":-0.013070447370409966},"size":1233.800537109375,"orthographic":true}