{"cameraMode":{"drawMode":0,"name":"Shaded","section":"Shading Mode"},"sceneLighting":false,"audioPlay":false,"sceneViewState":{"m_AlwaysRefresh":false,"showFog":true,"showSkybox":false,"showFlares":true,"showImageEffects":true,"showParticleSystems":true,"showVisualEffectGraphs":true,"m_FxEnabled":true},"in2DMode":false,"pivot":{"x":-0.10000000894069672,"y":-0.09999999403953552,"z":0.2200000137090683},"rotation":{"x":0.010494878515601159,"y":0.9678477048873901,"z":-0.2479672133922577,"w":0.04096538573503494},"size":0.4527692496776581,"orthographic":false}