{"cameraMode":{"drawMode":0,"name":"Shaded","section":"Shading Mode"},"sceneLighting":false,"audioPlay":false,"sceneViewState":{"m_AlwaysRefresh":false,"showFog":true,"showSkybox":false,"showFlares":true,"showImageEffects":true,"showParticleSystems":true,"showVisualEffectGraphs":true,"m_FxEnabled":true},"in2DMode":false,"pivot":{"x":-0.0945509597659111,"y":0.30699092149734499,"z":-0.2959052324295044},"rotation":{"x":-0.01206274051219225,"y":0.9682788848876953,"z":-0.24498434364795686,"w":-0.04767686128616333},"size":1.7514240741729737,"orthographic":false}