{"cameraMode":{"drawMode":0,"name":"Shaded","section":"Shading Mode"},"sceneLighting":false,"audioPlay":false,"sceneViewState":{"m_AlwaysRefresh":false,"showFog":true,"showSkybox":false,"showFlares":true,"showImageEffects":true,"showParticleSystems":true,"showVisualEffectGraphs":true,"m_FxEnabled":true},"in2DMode":false,"pivot":{"x":0.4712095260620117,"y":-0.21768319606781007,"z":-0.056982994079589847},"rotation":{"x":-0.052186280488967898,"y":0.9473454356193543,"z":-0.23817656934261323,"w":-0.2075706571340561},"size":1.6760039329528809,"orthographic":false}