{"cameraMode":{"drawMode":0,"name":"Shaded","section":"Shading Mode"},"sceneLighting":false,"audioPlay":false,"sceneViewState":{"m_AlwaysRefresh":false,"showFog":true,"showSkybox":false,"showFlares":true,"showImageEffects":true,"showParticleSystems":true,"showVisualEffectGraphs":true,"m_FxEnabled":true},"in2DMode":false,"pivot":{"x":0.13703608512878419,"y":-0.21045449376106263,"z":0.46467214822769167},"rotation":{"x":-0.06808345019817352,"y":-0.9171843528747559,"z":0.17858999967575074,"w":-0.3496452271938324},"size":1.162931203842163,"orthographic":false}