{"cameraMode":{"drawMode":0,"name":"Shaded","section":"Shading Mode"},"sceneLighting":false,"audioPlay":false,"sceneViewState":{"m_AlwaysRefresh":false,"showFog":true,"showSkybox":false,"showFlares":true,"showImageEffects":true,"showParticleSystems":true,"showVisualEffectGraphs":true,"m_FxEnabled":true},"in2DMode":false,"pivot":{"x":-0.22388488054275514,"y":-0.10202251374721527,"z":-0.1353977918624878},"rotation":{"x":-0.09971090406179428,"y":0.7536579966545105,"z":-0.1176142767071724,"w":-0.6389300227165222},"size":5.877496242523193,"orthographic":false}