{"cameraMode":{"drawMode":0,"name":"Shaded","section":"Shading Mode"},"sceneLighting":false,"audioPlay":false,"sceneViewState":{"m_AlwaysRefresh":false,"showFog":true,"showSkybox":false,"showFlares":true,"showImageEffects":true,"showParticleSystems":true,"showVisualEffectGraphs":true,"m_FxEnabled":true},"in2DMode":false,"pivot":{"x":-1.7191894054412842,"y":-2.7684693336486818,"z":-1.6248836517333985},"rotation":{"x":0.035360414534807208,"y":0.9523157477378845,"z":-0.27777525782585146,"w":0.12122717499732971},"size":20.518367767333986,"orthographic":false}