{"cameraMode":{"drawMode":0,"name":"Shaded","section":"Shading Mode"},"sceneLighting":false,"audioPlay":false,"sceneViewState":{"m_AlwaysRefresh":false,"showFog":true,"showSkybox":false,"showFlares":true,"showImageEffects":true,"showParticleSystems":true,"showVisualEffectGraphs":true,"m_FxEnabled":true},"in2DMode":false,"pivot":{"x":0.2981818914413452,"y":0.5093824863433838,"z":1.5360794067382813},"rotation":{"x":-0.2219471037387848,"y":-0.0005727547104470432,"z":0.0001292751112487167,"w":-0.9750626087188721},"size":2.141852378845215,"orthographic":false}