{"cameraMode":{"drawMode":0,"name":"Shaded","section":"Shading Mode"},"sceneLighting":false,"audioPlay":false,"sceneViewState":{"m_AlwaysRefresh":false,"showFog":true,"showSkybox":false,"showFlares":true,"showImageEffects":true,"showParticleSystems":true,"showVisualEffectGraphs":true,"m_FxEnabled":true},"in2DMode":false,"pivot":{"x":-0.3167850971221924,"y":1.1335906982421876,"z":1.616292953491211},"rotation":{"x":-0.3085455000400543,"y":-0.22043626010417939,"z":0.07373867928981781,"w":-0.9223771095275879},"size":0.21650634706020356,"orthographic":false}