{"cameraMode":{"drawMode":0,"name":"Shaded","section":"Shading Mode"},"sceneLighting":true,"audioPlay":false,"sceneViewState":{"m_AlwaysRefresh":false,"showFog":true,"showSkybox":false,"showFlares":true,"showImageEffects":true,"showParticleSystems":true,"showVisualEffectGraphs":true,"m_FxEnabled":true},"in2DMode":false,"pivot":{"x":0.17599999904632569,"y":0.1696000099182129,"z":0.1680000126361847},"rotation":{"x":-0.3085455000400543,"y":-0.22043626010417939,"z":0.07373867928981781,"w":-0.9223771095275879},"size":1.4549227952957154,"orthographic":false}