{"cameraMode":{"drawMode":0,"name":"Shaded","section":"Shading Mode"},"sceneLighting":false,"audioPlay":false,"sceneViewState":{"m_AlwaysRefresh":false,"showFog":true,"showSkybox":false,"showFlares":true,"showImageEffects":true,"showParticleSystems":true,"showVisualEffectGraphs":true,"m_FxEnabled":true},"in2DMode":false,"pivot":{"x":0.04695846140384674,"y":-0.6009647846221924,"z":1.193719744682312},"rotation":{"x":-0.19098666310310365,"y":0.037695348262786868,"z":-0.007340824231505394,"w":-0.9808456897735596},"size":1.4472997188568116,"orthographic":false}